{"ADA":[0,2433.593001828155,0],"USDC":[1028.5596727500356,0,20.452995358738953]}