{
 "ADA": [
  0,
  3460.785051400391,
  0
 ],
 "USDC": [
  1483.057485703337,
  0,
  0
 ]
}